User_ID,A,B,F,G,K,M,O,Dwarf Planet,Gas Giant,Ice Giant,Terrestrial,Earth,Eris,Haumea,Jupiter,Makemake,Mars,Neptune,Pluto,Saturn,Uranus
1,6.258318709748618,5.635186834867576,4.6498339299611615,4.159072675225189,5.788513743957691,5.887807495596577,4.883082379570261,5.705911636013754,5.135921594259487,6.028337542455005,6.040747126442696,1.8653442465012574,5.050541735221315,5.717034652209796,9.32409153258249,3.755673448501476,7.647962752397473,4.48212224895718,5.066751408227144,6.977412051802808,4.3146875495092307
2,4.83874383554735,6.065318399913665,5.6756266511338165,5.25480052818801,5.117492602769037,6.225469520411003,5.415304948762785,9.860818942263178,0.631527759613546,0.836405012441884,0.782058814358747,5.837553554075941,4.9772514819434535,4.9050803743377607,5.049689148717346,5.214282074140644,3.40112714290257,6.02531581062496,4.9182180547702528,4.4578957036218547,4.862547461100849
3,3.1852704567860504,4.374435030642291,4.887727414756576,4.904047553404636,3.6720343656920296,4.106775927905138,4.286568244440959,5.101527732840194,4.936719199414198,4.965956951011182,4.958923442109866,4.989954960794607,4.01686499563154,3.697963404040401,2.6841525931567545,4.335309114346825,4.81569821387383,3.04047202188497,5.027344860831667,3.6980989256609713,3.767832924476629
4,4.491993355037602,5.044358870925144,4.5471831015293285,4.148685629422038,4.523272383870929,5.179110362218125,4.412604463890043,4.859790632153175,4.627553757442692,4.837742811326742,4.7851132346043554,4.978787071139943,4.8494023782241085,4.783468821122195,4.5710312778607465,4.815966433466756,4.994617743935279,4.42597033900365,5.481726570688574,4.701581415253015,4.4738530193467385
5,5.102729296183246,3.0660086885646147,4.018907638159186,4.610040411616602,4.64116736960862,2.24631025685378,3.6813813676465377,4.9213268476329874,4.988726620486157,4.017361464621026,4.986718036009767,4.0752922436269206,4.662775511982854,4.783797411385221,5.105894061789477,4.351793596822807,4.598745218914281,4.4694074826597046,5.025793313807172,4.717232181049734,4.229095979223461
6,5.003638260232536,5.1145163060460295,5.102144683411919,4.973549764610082,5.005148888929061,4.954487240553634,4.809297231769612,4.4497324722879705,4.7585424213393175,4.882999746486561,2.931162771920115,2.06304029571719,3.701700805431423,3.9522734527009735,4.337160126946417,3.0217061019455342,4.9236470214351975,2.535402873485229,4.290994623338712,4.228420109069532,3.139926705668757
7,5.004287503988773,5.113803482443406,5.102009799842896,4.973842750204643,5.005492572038103,4.953352471355876,4.80911588033336,5.095511586771412,4.926005108569687,4.962591620963775,4.9608920839557085,4.821710764403588,4.286046728425172,4.515323251946028,5.97730587963191,4.352265097439953,0.2587914404130245,7.414362176755043,3.116604866270253,3.614231741792006,4.25756330586261
8,3.3770253616549843,4.877152110166448,4.92752136374741,4.685500552725478,3.852247766355928,4.8579780265538295,4.458669763337052,5.095667503361767,4.92616143962715,4.962814583457945,4.960971450879631,4.336642995317713,4.090983579668899,4.067325114427191,4.120043170647529,4.104492062792522,3.5267936826298927,4.308710064500187,4.353455443283296,3.856482758899924,3.832295499950824
9,5.009851933563599,5.115332140285244,5.107569570461272,4.981664981733106,5.010683489989988,4.9523539507448175,4.813349651106738,5.09580785307649,4.92629679437619,4.963025704518619,4.9610448736964665,14.460934684668665,4.821305743593744,2.653016836370893,-2.8050355484343004,8.450291504231233,3.79380982703382,4.848056619683483,7.017495742897663,1.6611340128015857,5.65478774475642
10,5.104505776336934,4.687433328244515,3.211858963703169,2.4710469765825964,4.584924949905282,5.205499835846505,3.626405059295633,5.095934011570063,4.926412694405039,4.963226009620706,4.961113571414899,4.979365379470666,3.469911828282749,3.072990908242808,1.95892535589053,3.997928237812409,3.792623568059173,2.8997758615389184,4.328212274026355,2.9543378870819232,3.3570185456673203
11,4.871995884375294,4.676304150120578,4.578450993819462,4.452367078852872,4.754906570055441,4.537893882419818,4.382235481693978,5.096047301178142,4.926510806271836,4.963416462905924,4.961178319351204,3.683591678161256,4.415892468661192,4.488622433208109,4.491347627383193,4.067737695808782,5.247671685349213,3.485497880308336,5.112150495554596,4.609706471806918,3.929810528310288
12,3.699933808648154,5.149930058812573,5.3394162539419225,5.16122237815458,4.190227862855059,5.046331584484803,4.802104953262457,5.096149153565292,4.926593501690933,4.963598156809921,4.961238760791674,5.048316583782612,4.347890050831239,4.05275664867613,3.0118091380409,4.561590616723602,5.557448742852573,3.018614830669209,5.515533109173385,4.1445888803078255,4.015200575017791
13,3.8884483751291135,4.583152393838376,5.048795161961972,5.091062500582455,4.199774754279335,4.27355756678756,4.514112812657997,5.09624040491307,4.926661297058095,4.963771722706729,4.961296460962444,4.140927998865065,3.3328091834057,3.215467749230564,3.1027234947844984,3.5715755196279084,2.40644380051386,3.8713396899085377,3.475190858593373,2.910223103530574,3.2230792553530137
14,4.341747168754464,4.921898007659706,4.544874792383778,4.201726066800117,4.411678910041246,5.004653361847729,4.362811766032744,5.096322259925027,4.926716265036625,4.963937957903234,4.96135106781777,2.009641665971467,4.133445612852487,4.717567758015715,6.492747713817784,3.219150341164214,2.9543930088309573,5.00665822970228,3.6128771132645774,4.558457243294387,3.6259874837878714
15,5.213771212364343,3.578602907949199,4.020527988036103,4.321226292156709,4.758926025646248,3.0415328867791565,3.8245770810619497,4.900819091978875,5.009521021486864,4.9800695922992295,4.040704382517266,4.590181537112664,4.492025556871313,4.399290375883485,4.034233699254119,4.459064546580005,5.022195772221948,3.765259424909997,5.246333575575222,4.401012904676609,4.117460827985107
16,4.604633102547291,4.455197407713666,4.188797321615715,3.984547148551365,4.463833595038676,4.413533094606933,4.071120834848886,3.438445776568048,2.83072022096604,3.9044850891256586,3.874457634282667,4.027634150933565,4.832706176642797,5.006816920475254,5.475110048132952,4.433925602311325,4.733315912662005,4.671598798119743,5.151563878012177,4.945616911746909,4.361812626860619
17,5.053884697385039,4.605237785762864,3.4918985310186232,2.9239756097492857,4.611076767939083,4.94290377546028,3.7607867588235817,4.922519285254981,4.989281086391171,4.013029777120761,4.993810803211879,4.97639185645695,5.344834570609467,5.626150107271699,6.86544097754455,5.069133138521517,2.9699999711629497,7.058834043751453,4.819464464880676,5.085728458532401,5.0243201655800895
18,4.342751619348048,5.1247016190506045,5.20791205542791,5.052044161312452,4.587919935683351,4.995980074758027,4.795347153443957,4.857752866025532,4.618143441307687,4.847574623449039,4.78812677898145,5.073026673614912,4.526006977510256,4.44660209175025,4.3907626038161,4.645602485073414,3.7857682967163866,4.849554891248921,4.825767171037872,4.171210598625768,4.279739512251406
19,4.461448068845158,4.819310943377348,4.749626869879808,4.57465538258578,4.532382803931695,4.727128570426616,4.468689282394717,4.856430029641003,4.6145208149177055,4.8481039195842905,4.790047875725233,4.915991113326264,4.174857005528376,4.054911942055444,3.900582755066769,4.375282457885782,3.40256076881535,4.535649813520898,4.463912638043109,3.766648942434194,3.981388562625689
20,5.136154857211215,4.342854891268532,4.721703269030508,4.887126639546795,4.938504732082907,3.909434369921116,4.411432712304428,5.089460111307048,4.918258875208503,4.956040574163725,4.959422703859578,4.731498397281546,3.532951046835731,3.5789999405953643,4.487224544707508,3.874757333285958,-0.143191521843278,6.370636106501662,2.5784341307591423,2.71319894886322,3.621564414202653
21,5.016518734757917,4.865797790055629,5.058145622607338,5.057556960706996,4.982462034831493,4.58219037028806,4.722779795760268,5.09025141479375,4.91926086536632,4.956728688043175,4.959781698743513,4.963953671644421,4.801794314695459,5.537189966752578,9.303843473428616,4.640710595672479,-3.770653106982533,11.777866906634834,1.6169475973061231,3.779122234668548,4.964949596739649
22,4.283209328956349,4.806153241902204,4.917742641848551,4.809460109170882,4.451918681045764,4.644018548113386,4.541186400198282,5.090960119640186,4.92015180736478,4.957357547015283,4.96010556924003,3.142148019429173,4.639138867589981,4.678468644005519,4.104074789623939,4.027748607652293,7.736456474869759,1.8165119868082689,6.185456524635469,5.285275954268652,3.906165515931198
23,5.001473577493867,5.102593520861781,5.094340643429852,4.968949035191406,5.00083259044452,4.939791172340724,4.801549504106288,5.091595306286459,4.920943864371313,4.95793373957694,4.960398204199583,5.045264870926314,4.292536412436258,4.010830962008186,3.0640902551939857,4.523038070864703,5.229013910131164,3.1953546546159872,5.345822659511582,4.047577858222815,3.987087925446827
24,3.849680396407337,4.406431331884183,4.778556320535793,4.796014817237986,4.094341005314025,4.133136981995146,4.3096109938096125,4.887179327821526,4.9904002479172345,4.975192188322612,4.032285535088112,3.97375272786409,3.851112717550452,3.872367364607876,4.078384065870848,3.8186003207284815,3.123050263695429,4.2294681438884005,3.988149567405362,3.643876124049093,3.6066230005134177
25,4.65785322241245,4.504827049951032,4.682415514275058,4.6830768317118645,4.62176725814342,4.2409134603563725,4.373715367613808,4.889039530142178,4.992173781653046,4.976349419235606,4.034708714292711,4.691682464825691,3.6103451157302535,3.270064666417327,2.205514216934973,3.9775499379109895,4.388542473501442,2.669783006229556,4.59016703692064,3.266857373267783,3.4075284146692253
26,5.009282085569123,5.1082803006661655,5.103783705125002,4.980233568759756,5.008805745015033,4.9431667538442845,4.809327558456012,4.572731816629022,5.111280182424135,2.1162921186261,5.052502731657455,6.548654420689315,2.6794077222187465,1.656062696922113,-1.2845823040288888,4.148979806148834,3.8793958829323834,1.2767943361794696,4.350231912795916,1.552285389400195,2.857093333939904
27,4.985959629458407,5.124046522224924,5.236869141079232,5.163152273123654,5.026312885687449,4.904829021024264,4.887103869811416,5.096556662074085,4.92389919964969,4.967536471425262,4.964879778483117,1.79586835977502,3.6532460262945703,4.184708822505903,5.839472936261899,2.849338299889776,2.3979517440801,4.604834897332401,3.104056994041364,4.001701183044777,3.2200809379061948
28,5.010642562957672,5.107924219914614,5.103068598466495,4.979542352972512,5.009517630881376,4.94279892994405,4.808985751883981,4.697823328239678,4.127043649514978,5.0101278220023175,5.043894576050431,3.2005037933776213,2.9335755450455387,2.916909120576172,3.005330329637602,2.9746581442098208,2.29828042126798,3.2802960276785837,3.0405735463949983,2.714851145804646,2.7729659082208964
29,5.034620242177702,4.564581813221114,4.52713678579861,4.460608882898135,4.842389945381681,4.367826869754622,4.343583695514581,5.099185050677359,4.928966287415985,4.968043999216278,4.964060141320374,2.5984218507361723,3.718447635843448,3.914349252198992,4.309872630683238,3.2273719072369915,4.228985865740131,3.1250793843187656,4.111425497926374,4.016104606408409,3.2606067831140324
30,4.4024231583931295,5.131378552902337,4.807267311050081,4.468258479616011,4.5326736475896405,5.198092154435957,4.573626885754424,5.0989757439808105,4.928605180965626,4.968000802061351,4.9640415232788975,7.062538252640636,4.241037801452093,4.069928593809341,4.789513225802907,5.1699299010909305,-1.1972286732003783,8.438149534816256,2.948560360356996,2.733980562684676,4.574948298146399
31,5.092087953280456,5.0091693197900335,4.836675534850426,4.656812116386953,4.992174839336592,4.909378001481964,4.640425222942393,5.098784222243657,4.928268750782417,4.96796986281307,4.964029340076302,4.7991386815082,3.876900934594203,3.741824116511723,3.608057808931139,4.148228491161255,2.828622395779992,4.479489721095224,4.051474502514143,3.3936632233478408,3.7453451343168
32,4.545036811500364,5.021503706198225,5.000485415039355,4.8310551500770655,4.665380857357203,4.912082523094662,4.673715344466151,5.098609001811325,4.927955056401985,4.967949974441275,4.964022972962568,8.351973039731032,4.185038884320292,3.350665205244861,1.5189613864185434,5.696887246980841,2.5270065154256374,5.099965459320083,4.836733567294834,2.645173749986176,4.453712396709903
33,4.973072087090912,6.086675526324105,4.871311519871442,4.0579451741746215,5.0107382110808025,6.607019356552516,4.918147401972282,3.763062554238116,4.061429844022816,1.1171097470295754,4.988510107815429,4.330068117217851,4.655371260113048,4.723356641704385,4.925114152528251,4.444619235744423,4.506289185713463,4.51955856501863,5.037666621877261,4.621713031924706,4.258756563055002
34,3.7409669847592166,5.145672215431087,4.918834952243509,4.552750310855661,4.116793705924793,5.243261684698827,4.563981621178382,4.723172759753318,5.064538688909781,4.038153942195791,4.066288154808823,2.916468541575634,3.815746399862873,4.023559338180714,4.598354231450139,3.397270140946945,3.6397679121014455,3.786446632052512,3.967114695510768,3.9755015120637376,3.41841152206778
35,5.435368268763329,4.417984110085669,3.286285557740809,2.774367516074887,4.802163120447298,4.704321590643756,3.6399705497760095,5.10012367322472,4.927166639580641,4.977809392834079,4.962885373496035,-1.6593949116462847,3.646012963252172,5.112870102348095,9.525455565293411,1.4843529987051365,0.9501373262855104,6.01886961344799,1.710535892056902,4.901708206956136,2.8895282166454046
36,4.822377144100755,5.0977811446969135,5.119662693906559,4.989809395062308,4.886333564968198,4.940738401883603,4.793938617084872,4.702713267171237,4.132063622197898,5.016341082050151,5.046814525411567,2.859540437905875,3.968624333099584,4.239137931450893,5.011710651630855,3.4636835954452274,3.6350175856513993,4.075933990960934,4.022071677979883,4.172748070453217,3.5437964195189777
37,5.150546882453966,5.013351552576529,4.423716299678146,4.056354902365548,4.932960630199442,5.1137994993389055,4.410852586543537,5.102128746902856,4.931527972041392,4.977706123153873,4.961672034543507,1.4567061808106505,4.3468035522964055,5.075501898309169,7.152521962550453,3.1378318743446463,3.519312982376432,4.952828409298644,3.836366601543858,5.034729024416592,3.709632526672952
38,4.3423218766557365,5.107874999521252,5.199873058568326,5.050182610197273,4.584301219626725,4.973455651807633,4.7864306629120845,5.101663752953581,4.9308069909717664,4.977456357505904,4.961597351473181,1.369106306181554,4.343064120009777,5.094598777432937,7.239087448045277,3.1011210911226144,3.4797833411823293,4.98451056808211,3.798183717337616,5.053070229269243,3.6983562672089727
39,5.060572662575808,4.420981730571157,4.966357444763623,5.190866832551909,4.952855575794317,3.920380345143605,4.562976502989665,4.2836975462079625,3.870746236811179,3.9719349547465015,4.892487321210069,4.450894670793772,3.2334418490973387,2.9845450592468303,2.442106179764409,3.638829839509929,2.7041644851862423,3.417436184726001,3.62826467146542,2.72815061001309,3.1562219960904345
40,4.3916060483179775,5.123120301976522,4.798306721490902,4.458880072825728,4.522582385196621,5.190772845803924,4.565125704805084,4.853441291165567,4.601790808542715,4.878043133855552,4.778967332138121,4.627158176528781,4.379734618252726,4.212956921735986,3.561637724765094,4.41349257850897,5.339505788317832,3.28657134454459,5.342387180432848,4.28878327362011,4.005669805934092
41,4.694797566496642,4.616937081890169,3.8041353322078857,3.3357313904864867,4.445837602171676,4.8488898050352365,3.9012644492781416,5.096189963762099,4.924020357877314,4.973916721164941,4.957772498036142,4.118768278520971,4.425368973990334,4.443453620298422,4.406564165103132,4.234065296387912,4.778754661008647,3.875931096883284,5.0062468189190295,4.4417594422259175,4.018504027036359
42,2.275755542044541,2.9968959710636,4.921488913750508,5.671028013395885,2.954707355991989,2.0227918054134304,3.852150901218826,5.096281801340696,4.924077673887078,4.97405336824623,4.957885420729745,4.869899220912203,4.702192205707503,4.638503816251697,4.456593220107502,4.684366574015912,4.734478088275721,4.381284893125066,5.277024144668274,4.535209099861711,4.349697790642427
43,5.048602705635067,4.848892586399061,4.655042475399962,4.48118164646266,4.90614703692899,4.751547333104754,4.490470352723439,4.125186530930034,3.3946905324493244,4.103058765631938,5.149976187220147,5.214802073975173,4.7276788191753045,4.568109714703392,4.085319787145382,4.836783236828469,4.991657796502168,4.190235233701033,5.476735894060616,4.485782815382502,4.397195810269449
44,5.015802583521852,4.586690867126845,5.006602834065128,5.147044110910044,4.94630709288491,4.167267853915245,4.6226697328903725,4.498576931800215,4.201144764334346,5.025359853469719,4.127593238198893,6.249101486233949,4.7368531625765575,4.5139613612622025,4.273171867695296,5.2120048295341554,3.113601114260764,5.741575516161297,4.884460119696138,3.995009064316016,4.6429932799662765
45,5.040165462009904,5.087589721588293,4.678547759669855,4.373585800115391,4.926074308011927,5.117661433940058,4.563195734624138,4.858302729162942,4.621574111499922,4.874049703022842,4.760500316042253,5.924296396178826,3.908740178120012,3.568667949001604,3.0135937409969027,4.594052703984833,2.328337648663984,4.89815240710026,4.092955006811645,3.0388364263746657,3.93761577901646
46,5.132609044666493,3.4250832967281477,4.292107939913845,4.8006904960504935,4.756598887955229,2.674146085315961,3.93253315252607,4.49599277337572,4.1984955921916685,5.02382661943058,4.124540437157063,3.566612820618911,2.869656811292431,2.554854462577385,1.401527319463148,3.1129535263064607,4.373466127260902,1.3800951316041787,4.000716881811505,2.734090897786688,2.6351186249506102
47,4.92901373040116,4.609320195250193,4.754792644365448,4.756023587981757,4.829738999688356,4.338033450454967,4.4734190869497885,5.102862004717533,4.937094302894776,4.973216654710608,4.956968354190351,6.781929454049652,4.576797446556139,4.116611220372881,3.0763176159764,5.33639074192388,3.782776134102981,4.847593905552588,5.221433466570225,3.710356255742513,4.527757534487633
48,3.873033091155667,5.024199547908583,5.108840908155847,4.91658168398286,4.240686250073809,4.941780112485689,4.658063837439567,5.102401140873729,4.936360675271584,4.972983905184702,4.956920396434492,4.64699403396986,4.7498835461586975,4.70688325203581,4.481185894152555,4.633813204065866,5.235010029794474,4.057337316606054,5.469206996557638,4.709096989917102,4.333740724336338
49,4.8560736595441005,3.855273769140324,3.9455824293110338,4.010026101059661,4.524164407754663,3.5575282778624437,3.8093940357234097,5.101978648686932,4.935681708459327,4.97277815546547,4.956882956295214,3.925598814227056,4.357296666165557,4.511414436962452,5.078737179985204,4.100165544249799,3.56124839894876,4.794663188994688,4.399674492335696,4.299319638870349,4.010879587660016
50,4.384647228699724,4.413537919430011,5.05597320953029,5.254552013438965,4.520199130327052,3.94382428700138,4.533532869852739,4.9279003682165445,4.996442464636986,4.026433647044256,4.988056956296633,8.728874497575497,3.014332067779454,1.830036487385397,-0.9043322306419588,5.145118525387419,1.3075960658008303,3.952290058762229,3.852831166755816,1.0279250450871904,3.562989530489522
51,4.981132833815441,5.062133386868489,5.052177249133315,4.929013727338027,4.973716207045193,4.899223305793618,4.764719981405335,5.1017560118700285,4.934499407970415,4.9754259706726485,4.956175310234459,5.029745892592129,2.525795167115207,1.7951666797214048,-0.4388131109489169,3.474094617027686,4.000059908388358,0.9781765910583712,4.000944504238441,1.8456439389342705,2.535882382335822
52,5.342372490703894,4.544361175909855,4.213365295563296,4.046189142524656,4.97210926988424,4.455197751057547,4.194067142628756,4.702446355922194,4.130935703319378,5.018911004505672,5.045895877874882,4.692042516955332,3.7554298469102303,3.463730894604423,2.562317161451214,4.061327152151125,4.36546440964777,2.9571463755180147,4.646086494757105,3.4356395851194854,3.534145699254375
53,4.945095422577975,4.166780130502918,4.648286584987407,4.863481913697464,4.778036007757108,3.690406520462575,4.302452980119532,4.899484065150665,5.006647994401828,4.9877088476352345,4.034952008189766,7.199642659031314,3.8445882169248784,2.952004646918108,0.3899193543064926,5.091617901723329,4.865844547786546,2.5528831593641947,5.454457400862479,2.826802803355408,3.87995412906129
54,4.984157795519053,4.1892176696133525,4.271250284645814,4.30273161505257,4.715928854748934,3.908120674142174,4.095871389969385,4.859120622588546,4.624190227133574,4.867318692640734,4.764042972243199,5.548021503302979,3.3332717892203467,3.020782933029835,2.704760045598645,4.093434532257779,0.9849056979172978,4.99772815523069,3.160510127534636,2.340981483521527,3.478057894465918
55,5.069154524652771,3.974964094977192,4.863852366474557,5.305437484314576,4.896787232302923,3.266164328831933,4.392556470454172,5.099506943882252,4.931938068715012,4.971426339516793,4.95632607388243,4.836435323373519,4.601462588980085,4.301333933564994,2.985975016689342,4.650080662400708,7.0188603723730445,2.258569698622271,6.224657137756053,4.653497835658412,4.119646436462282
56,4.658043765307472,4.357979763767141,4.102143942280473,3.920904817593293,4.470806501845438,4.296743014831454,4.003024911218192,4.6840511697223945,4.681446457774348,3.9219316258532513,4.797782832195509,3.110357092241121,4.319140239988736,4.56953895512376,5.19183166678053,3.7766804759658807,4.434809795126114,4.029729455150608,4.586653818909664,4.589384968180694,3.82741997151056
57,5.047010845950648,4.576569643241536,4.996127035346092,5.14101603755051,4.963891902457265,4.15280890035889,4.617745381783529,5.095800664959526,4.926187928866633,4.971169971514809,4.954249328564327,2.44863889061306,3.993631804674906,4.3208377051264,5.137927693726903,3.327307305945547,4.1402253923082935,3.716956539215767,4.164860027626032,4.377594416220493,3.485540582787971
58,4.977277537846647,5.063224870241826,5.056296803271263,4.933986156396737,4.972206459614012,4.899358188818483,4.766912990633088,4.293443340812911,3.313253598185695,5.062759969225545,5.127424273831397,6.589202928242275,5.0632298539860345,4.993698152949196,5.521478955786527,5.510323367499609,1.7362063915732118,7.493418669619423,4.5038211991676125,4.13967328634953,5.049074824289528
59,3.6539587979049415,5.108086726134484,5.293071752260276,5.113263142117776,4.144797889980689,5.008672435636523,4.759522488709689,5.101012080866607,4.93661693735572,4.971776247324207,4.952189683042161,4.46367251639585,3.6876709576923705,3.456860699222044,2.768920983679414,3.928548508598309,4.047282965988451,3.1152408564469045,4.425931632794384,3.393636035527994,3.467806481167872
60,3.1872533184621656,5.029809009183933,5.203294422090056,4.9785821584231655,3.803667671228388,4.984590655818884,4.633540780265005,5.100741879147091,4.936146578935781,4.97167314789268,4.952214805043822,4.630243767286913,4.39410488630794,4.3894033976689055,4.533409068588677,4.395394296773358,3.634353235140516,4.760049261197128,4.6026007720885485,4.135396860258605,4.122305891079259
61,4.975875218495023,4.615589704854267,4.358845218994026,4.177990010760634,4.766988155743474,4.538682830563898,4.252798146022947,5.100493986409652,4.935706530298018,4.971586293014989,4.952248562578443,4.380645633091147,4.751169462536686,4.917467282610375,5.581659251325733,4.505815013480871,3.6509089204246297,5.419420534263491,4.717553886206424,4.634360672832869,4.399548295858579
62,3.220117453289049,4.620102445016874,5.143183543000209,5.136297112008292,3.777068213839461,4.363814730006918,4.499497905630348,5.100266997826106,4.935296002110966,4.971514529474003,4.952288246156907,2.931482122732722,2.6614249804874,2.4825920807444155,1.768514852484218,2.736938272110777,3.779890018874771,1.536011978091117,3.5070678423883264,2.622872528775375,2.415804267035456
63,4.960709626612228,4.782681586347371,2.990077470455418,2.074979272507421,4.4433684108422185,5.482720392911185,3.5060644758717894,4.522655774510447,4.178551208779374,4.076866720742146,5.078553684253774,2.2368054767954666,3.536063184838873,3.736033703991033,4.053004848898874,2.985557067627164,4.461037484773273,2.612285763620333,4.051059044754292,3.9341022700270334,3.0459517102620906
64,3.8643923261050266,5.0191650086654365,5.100948036760291,4.907091250373886,4.232580117342713,4.938763655402799,4.651244298553582,5.102826111303519,4.939571976622185,4.974872006049331,4.950370689830703,4.028910283434614,3.846232064253789,3.9310442716590783,4.483749692322243,3.8235158225149486,2.282818216360673,4.930377230553727,3.62990974775652,3.537843359414614,3.660180411807432
65,5.169694930677716,4.046781667185537,4.385353138144973,4.573583159540866,4.85578441065774,3.6048767138450017,4.14727691622562,5.102409132597687,4.9388966426239564,4.974651405088008,4.950359425783233,4.9681535483409895,3.890061583344721,3.4406636245217124,1.8373874499743248,4.270012022556998,5.838705491296018,1.9394641911914416,5.413093644680408,3.656757281089578,3.593516531051928
66,3.861997609256172,5.0209402326026185,5.104050785938381,4.910327069067652,4.231864216533577,4.940309784953189,4.6531959557227225,5.102027309543531,4.938271139189275,4.974456571771013,4.95035741987916,2.0877507972274043,4.135987776900855,4.495389716427873,5.200485712695531,3.2870545676049527,5.189768138534134,3.109739418059316,4.610395949486097,4.759744965757432,3.501336909217444
67,6.208495809407166,3.720593455662284,4.483555998662262,5.0204609101468085,5.548912152121186,2.9189653053027307,4.243051300262145,4.894895179454214,4.998660618073795,4.989052076045458,4.032721396655857,4.52586908204573,4.009871690354878,4.072917512534861,4.699930934171792,4.10340702027976,1.837521258648836,5.581767604369733,3.617948297142732,3.53532192077273,3.887811615116508
68,4.7820673498721,3.733338886820479,3.738445631821703,3.771174627217548,4.414766635196406,3.4764557516605628,3.650871100405128,4.701597430731202,4.125363397709739,5.024906496683679,5.048882335918089,4.097210363068109,4.441702425166145,4.516702796497716,4.740837605870462,4.227033100467117,4.275726005334572,4.334229762669623,4.788587880674862,4.417622672209287,4.06066384597647
69,4.529568717660217,5.013901436546649,5.000867736214879,4.834464286498004,4.654459075903431,4.901715158820333,4.670207873892926,4.465741465584127,3.8375501858644,4.908759697968063,4.843479313612965,4.3308327046606365,4.174688135864499,4.074963666000728,3.703899971848729,4.168912387941982,4.650642601910536,3.5097571800155256,4.882569619555379,4.06866609254964,3.83535626729826
70,3.8704546338447976,4.637593712760452,5.099199537323198,5.130717275471155,4.204313692398677,4.336624350717304,4.554721070830447,5.102747310037317,4.9407872081731625,4.971480700205376,4.950511060553464,0.106842943841574,4.005471499211892,4.902989050619692,7.265588507925911,2.423934546566366,3.902949891341409,4.074818044468096,3.5539366296550403,5.081237541639197,3.2306333043584763
71,3.0963800407064026,4.626100416690003,5.150199769235133,5.1298675779977785,3.696234211218989,4.384379173585099,4.490564952143624,5.102406311301518,4.940214927904366,4.971329614743957,4.95051738573521,-1.8456299990782163,3.1395147376844244,4.544008911631198,8.817114349500704,1.1090753009342886,0.3383693028489016,5.613875634822004,1.1715487808846976,4.300038604943224,2.4675910343112464
72,5.132656269990564,3.7625373720778144,4.596597906301214,5.046729455844896,4.85769248585079,3.055858448623842,4.192734255682023,4.720364753430272,5.058420332640293,4.040026310412907,4.066525937718583,4.092257661982514,3.2145500424858517,3.0566012067257136,2.7797074520235667,3.486703849714438,2.557376178957631,3.5277611017265462,3.476906117969546,2.8005081809723342,3.106049300908536
73,5.0795913774387325,5.120808452561305,4.323707252388572,3.838976066730564,4.870422236892551,5.341347799424498,4.372139046931055,5.103215869666701,4.939388084760901,4.974185046200883,4.952806370690371,4.470644933804556,4.3385296900011765,4.297501086360497,4.2050902752898525,4.311149497080969,4.233851997060632,4.157860847160693,4.80504822648839,4.177991884783953,4.018787239677732
74,4.905308703275646,4.547573809699483,4.263266419159033,4.070853220038023,4.691093628309624,4.48701383465197,4.172425797289368,5.102790129529821,4.938706562202699,4.9739628817252495,4.952775953085976,4.714035019577461,5.672326949153214,5.614196162211094,4.85886570721272,5.245460289674344,8.418634559969327,3.0542520945799287,7.297870354284663,6.093347637289102,4.9436292374718045
75,5.121755859193436,5.14567307819337,3.9453596742499375,3.275202302002324,4.810285590239587,5.5631776049208055,4.165778516933281,5.102400660993155,4.938077362716599,4.973766774743707,4.952753687657083,4.818670615110223,4.247465322508764,4.012313295562073,3.1970550131656306,4.407784512913522,5.139331643302018,3.2013013880176144,5.23647042481153,4.054503404406479,3.926614952876085
76,3.654416017365687,2.9699460005183824,4.457610953873473,5.154772072904287,3.766417228969284,2.0478080071728817,3.739941327777304,5.102044602175073,4.937496391553872,4.973594543131513,4.9527389710538445,5.399395074984339,4.527554140437652,4.288512298681455,3.6192938835831088,4.78752508857722,4.693909330087895,4.062924748962879,5.295715035566386,4.163854522161409,4.264718002036316
77,4.9030382785369655,4.873296255353584,4.823680338524918,4.698020697141311,4.850870328377932,4.723618651873018,4.576563832513276,5.101718834977811,4.936958256690435,4.973443892478786,4.952732968298563,1.4215057690098851,3.7157756745942594,4.1273359223081965,4.953335973067548,2.78027623820589,4.8448742641140585,2.6651189322550946,4.122522989275985,4.432594763240455,3.080278313967464
78,4.943742722899284,4.629526144896129,4.779199345383191,4.781354732615993,4.847148870972758,4.3560941398351645,4.494273244577011,5.1014212598146775,4.936460846982612,4.973313418966372,4.952733250759596,7.170649504404346,3.803341156674136,3.177256835021385,1.9390088811924644,5.008858394232985,1.9232219486232576,4.975763954357326,4.140259453585314,2.494625027278953,4.020158946612899
79,2.717426494891754,5.030735285611139,5.284121997077035,5.046364182982032,3.507878322352789,5.001326570777015,4.625272773718595,5.101149457918401,4.936000551958534,4.973201314803408,4.952739581858294,6.317004617714423,2.364596432676608,1.2921663541541517,-1.8489564208496243,3.877376829442615,3.900919231725792,0.6907657624597151,4.1658755821791305,1.2535338138712475,2.556530560776657
80,4.398870824941143,4.448979900455862,5.103783437314846,5.30506523085324,4.544142633495604,3.9743926105701193,4.571628191100331,5.100901171989811,4.935573974962745,4.9731059189731175,4.952751773770741,5.668855227999581,4.918901635140135,4.761122593102665,4.431189710961764,5.115213424308293,4.495318667970873,4.938324092649424,5.445564990204828,4.523803596225307,4.646610734294265
81,4.983052918232676,5.117067832118283,5.156087631101134,5.048777520626403,5.00445545429713,4.934199652707558,4.838551120324469,5.100674256289,4.935177763423906,4.9730256107926,4.952769935659748,6.153914940344114,4.989903142206822,4.733606306405365,4.141402160380643,5.345552251913448,4.586966250468379,4.963712017008573,5.624114746857755,4.468947024831684,4.760191768159145
82,3.754124017749369,4.196086100717027,4.518531593168185,4.529751048768663,3.95043948299316,3.941268126011815,4.0958575650794335,4.699098673088989,4.123820494178811,5.021132149010389,5.04582455770421,5.15791716413761,4.001762686018013,3.8058084099769007,3.498822209298972,4.3624482930556105,3.0172129974493904,4.529279733772558,4.269347208725207,3.4504488106870994,3.884411428814851
83,5.005966479363705,5.110199326109833,5.121033138162547,5.003984434974679,5.010868067963578,4.938035759090186,4.8193426350787805,5.102887443365349,4.939712055745371,4.973187784632683,4.951762789647919,4.9989193399386425,4.021750217514166,3.7808701081237626,3.155049973764937,4.327897327798744,3.9690881280800623,3.767475709493617,4.660643625440715,3.6170243814061855,3.824689364273616
84,3.895162401906261,5.063216154355423,5.034568045486668,4.787203273920504,4.241029255409343,5.037576775125059,4.627783028709129,5.102528533296685,4.939129656561554,4.97301323474169,4.951742200636887,5.664000497098993,3.180137348015349,2.6568577988059947,1.4430051993056452,4.073168220263019,2.437093622925792,3.475959517810193,3.7524501461163737,2.269245786725424,3.271330215047959
85,5.182184239778726,3.8210741160965416,4.387507578354112,4.711474263414536,4.845800126148979,3.246069111033914,4.0930569094381,5.02837317026569,4.969925635033348,4.550379576473786,4.971763739547971,4.5265804638268525,4.514332773949953,4.441442295245492,4.128188625263922,4.447730974213409,5.044797726303853,3.790908960374958,5.252459944259956,4.448949622396194,4.12773603722442
86,5.089614252004509,4.195283423647045,4.960122887451228,5.31823760971116,4.9519700801756406,3.5637961228494213,4.505871816566636,4.895976713954765,5.00130489250954,4.988580851185324,4.031829863334503,4.374182572915888,3.025238827321464,2.618959065910468,1.3677379994176622,3.507510779572623,3.873252472728107,2.0453615758186414,4.028993099384634,2.6220030232387925,2.896225891870112
87,4.358221733290274,5.131802634693369,5.106627116674511,4.901301642542317,4.574664360440615,5.055573905079743,4.740705329823563,4.928110825047283,4.996535259724891,4.024851153310071,4.990021125995688,3.4416352561669736,3.9500064591864574,4.146077473497599,4.875654762474475,3.666527389195182,2.9141582644885164,4.619882352782494,3.8251703819387615,3.9018756842360434,3.64113915581136
88,4.9387811628213525,4.641335989913617,4.782275507368691,4.778347586415612,4.84554385783821,4.3737949623642365,4.498439830042663,3.823282763658582,2.719825095476581,4.849117198010104,4.742691983236536,4.768649919724262,3.9533857517153694,4.063581836366794,5.085217819009705,4.143419432057037,0.5255135803436046,6.577023410031545,3.070624749894783,3.264385973777077,3.9479855923601193
89,4.3547984223565,4.73093286918731,5.2334371827836845,5.323419702373485,4.5691723133677735,4.360363099664767,4.71213166438023,4.896152038649155,5.005339305747959,4.984725918988027,4.027591587656207,5.360726144970885,4.266003085693231,4.157691390502712,4.253122271746972,4.585214310511815,2.4775415977915576,5.463364849650059,4.19741516664773,3.646839684304117,4.169465385323252
90,4.455224301848416,4.823954098889471,4.760510374806123,4.587173069807183,4.531199140360851,4.729795654606826,4.475390357025648,4.684677718996623,4.682000535102322,3.919118838031949,4.801435703157201,2.8984294979282708,4.604523659857775,5.308888076074565,7.908912235679225,3.805236736314341,1.058951516049372,7.433702816315471,3.1911152068635262,4.65527259668293,4.253968764668344
91,5.007184160806901,5.113612657252264,5.121449426054954,5.002705347023077,5.01207007341242,4.943073753004683,4.82058531155184,5.097776108192159,4.93137470187218,4.97053369849231,4.951702000787659,3.8449439183505287,3.5855013468708377,3.511759970094443,3.319796538572707,3.621885328766812,3.551775818025129,3.3827556345108336,4.027045658106504,3.412307095442701,3.3359790986475604
92,4.929413326624312,4.904624674045452,4.846040977109655,4.715021600883276,4.87653427334016,4.758878089936169,4.600409220966193,5.097878574725819,4.931438752765129,4.970691576296879,4.951823138504159,6.038787600889984,3.941540874330495,3.5176551387323443,2.592726730038094,4.669179470739298,3.0582220364347976,4.332674654664909,4.452662532193368,3.115178846664897,3.935121139188784
93,4.632084592383607,4.946460708797339,4.77736587800542,4.558217777759807,4.664131356791254,4.893978900704564,4.536674295732964,4.689102786641934,5.068809596141119,5.002130085061959,3.101589377389778,3.886211439571401,5.808838257011759,5.84683784454265,5.045925595782515,5.028561607238203,9.92911784650944,2.0719008273094053,7.8405180265950705,6.656610840249915,4.870559706333712
94,4.573978862719276,4.794769747716794,4.993156593408654,4.95742649436486,4.664080201375046,4.554417731097776,4.615708585583702,4.896300553633461,5.002418993818801,4.987863872503023,4.031401305400622,4.760161986834563,4.270105192048536,4.16518258171565,3.950049568450285,4.379157181114073,3.960433749960002,4.246962266429756,4.717508757892757,3.9819160308562913,4.010974988461893
95,5.010935690109842,5.111637813612849,5.117925352057622,4.99911527178123,5.013578763183778,4.941261568436949,4.818499812862414,4.89723930290369,5.002775903885848,4.988087998594032,4.034027912868039,3.3852443480933267,2.5022205832632083,2.3402976359726244,2.0402454673724537,2.7900965856363005,1.9099945611721476,2.8030083619660284,2.7148126713231377,2.1110560423869287,2.446532271538597
96,5.027818904410889,4.633937142942535,4.977153138962225,5.077307025542607,4.951275844878204,4.255026795617874,4.619056030024891,4.927607128811944,4.994801961144841,4.023723854535983,4.992613226309333,2.920319616431997,3.740561162723907,3.859307086877173,4.035869018635772,3.3664075188783853,4.330320256136482,3.06138925464685,4.236297924958871,3.95422236357208,3.3119416709150267
97,5.030152299113052,4.637465622842306,4.981442090619593,5.081744508483127,4.954162375889735,4.258195429610384,4.622685249725516,5.101302919989964,4.931243005480548,4.973436676078428,4.962797435531436,4.807000111960316,3.682781163233805,3.4661948647642657,3.037053747541936,4.04190905168707,3.0165430941974782,3.961245727438744,4.04727841784569,3.180897466283739,3.5673640678282794
98,4.936037452285959,4.907218848571215,4.847233646545819,4.715937165148015,4.881480602392441,4.761601408587534,4.602524448833326,5.100989657190631,4.930748619207036,4.973299779038009,4.962737834937823,2.689344969216564,3.114157021925399,3.1351181186689505,3.036692674569532,2.90566903681976,3.798043018585416,2.370182194944504,3.667840360733187,3.232600096354543,2.7763749889243536
99,5.073545166340006,3.357847192129808,4.748735007298,5.502243527448489,4.820579031871151,2.3486219815220397,4.171244433357503,4.10084715207553,3.4054317724332783,5.090458441194308,4.188756062712095,4.820285902249379,4.39183162269639,4.314240532586634,4.201975757595204,4.472516377023809,3.935886119640641,4.489021960879878,4.775242202022482,4.104789507918726,4.12466487197096
100,4.301299549573431,4.685220578054268,4.914969107797556,4.8788057714417885,4.453276728091424,4.452376168856245,4.511210876962687,5.1058329996815255,4.9405997878194245,4.971005128477545,4.962953662103084,4.462423773359713,5.0145586500938935,5.1067993194150025,5.3088934423293335,4.71433547684976,5.154678630852828,4.62466321013286,5.513945979082052,5.069619869008506,4.54494152733817
